step,ep_return,rate_l1,rate_l2,sps
2048,19.8,0.12152099609375,0.111480712890625,1862
4096,24.6,0.116546630859375,0.115142822265625,1799
6144,23.65,0.13079833984375,0.13623046875,1697
8192,38.65,0.145965576171875,0.157501220703125,1681
10240,74.35,0.166473388671875,0.17144775390625,1677
12288,103.8,0.150146484375,0.16400146484375,1702
14336,93.3,0.15948486328125,0.177581787109375,1702
16384,150.7,0.173797607421875,0.193389892578125,1719
18432,202.4,0.17303466796875,0.19586181640625,1722
20480,190.55,0.17047119140625,0.203521728515625,1740
22528,156.1,0.164154052734375,0.18829345703125,1722
24576,161.25,0.139312744140625,0.16912841796875,1716
26624,232.95,0.14935302734375,0.192474365234375,1723
28672,241.9,0.1307373046875,0.17144775390625,1717
30720,333.1,0.133026123046875,0.177398681640625,1682
32768,366.65,0.1646728515625,0.205169677734375,1688
34816,419.2,0.12054443359375,0.171173095703125,1681
36864,446.5,0.104217529296875,0.149749755859375,1687
38912,495.4,0.097930908203125,0.14129638671875,1684
40960,495.4,0.072509765625,0.11279296875,1670
43008,500.0,0.068817138671875,0.10870361328125,1680
45056,500.0,0.057830810546875,0.101409912109375,1687
47104,500.0,0.064178466796875,0.110687255859375,1678
49152,500.0,0.058074951171875,0.10577392578125,1684
51200,500.0,0.05450439453125,0.096160888671875,1688
53248,500.0,0.061126708984375,0.117218017578125,1690
55296,500.0,0.04888916015625,0.092803955078125,1666
57344,500.0,0.055023193359375,0.101226806640625,1660
59392,500.0,0.051422119140625,0.101104736328125,1655
61440,500.0,0.04632568359375,0.09515380859375,1652
63488,500.0,0.05218505859375,0.10845947265625,1643
65536,500.0,0.046966552734375,0.10247802734375,1641
67584,500.0,0.057281494140625,0.1212158203125,1632
69632,500.0,0.06011962890625,0.12396240234375,1633
71680,500.0,0.059478759765625,0.121185302734375,1639
73728,500.0,0.050537109375,0.114013671875,1641
75776,500.0,0.065032958984375,0.12847900390625,1640
77824,500.0,0.047393798828125,0.10205078125,1647
79872,500.0,0.057037353515625,0.121002197265625,1644
81920,500.0,0.0582275390625,0.12152099609375,1644
83968,500.0,0.057281494140625,0.124664306640625,1648
86016,500.0,0.052215576171875,0.114227294921875,1643
88064,500.0,0.059539794921875,0.12841796875,1643
90112,500.0,0.06121826171875,0.129638671875,1647
92160,500.0,0.055694580078125,0.11798095703125,1646
94208,500.0,0.066864013671875,0.137451171875,1644
96256,500.0,0.0535888671875,0.1207275390625,1642
98304,500.0,0.062042236328125,0.136962890625,1647
